,Club,Last Name,First Name,Pos,Base Salary,Guaranteed Compensation,Year
0,NYRB,Abang,Anatole,F,65625.0,65625.0,2017
1,KC,Abdul-Salaam,Saad,D,96800.0,110550.0,2017
2,CLB,Abu,Mohammed,M,165000.0,171250.0,2017
3,CLB,Abubakar,"Alhassan ""Lalas""",D,65000.04,72500.04,2017
4,CHI,Accam,David,F-M,750000.0,820937.5,2017
5,DAL,Acosta,Kellyn,M,260000.0,280000.0,2017
6,DC,Acosta,Luciano,M-F,500000.0,602000.0,2017
7,RSL,Acosta,Danilo,M,65625.0,65625.0,2017
8,NYRB,Adams,Tyler,M,75000.0,91041.67,2017
9,SEA,Adekoya,Seyi,F,53004.0,53004.0,2017
10,VAN,Adekugbe,Samuel,D,80000.0,85000.0,2017
11,POR,Adi,Fanendo,F,1190004.0,1736254.0,2017
12,COL,Adjei-Boateng,Bismark,M,300000.0,341246.0,2017
13,SJ,Affolter,Francois,D,120000.0,154250.0,2017
14,CLB,Afful,Harrison,D,280000.0,296666.67,2017
15,NE,Agudelo,Juan,F,475000.0,502500.0,2017
16,COL,Aigner,Stefan,M,425000.04,470885.46,2017
17,ORL,Aja,Jose,D,216000.0,216000.0,2017
18,DAL,Akindele,Tesho,F-M,95000.0,112500.0,2017
19,SJ,Alashe,Fatai,M,98175.0,114425.0,2017
20,PHI,Alberg,Roland,M,345000.0,394250.0,2017
21,LA,Alessandrini,Romain,M,1669400.64,1999400.64,2017
22,HOU,Alexander,Eric,M,190000.0,203750.0,2017
23,SEA,Alfaro,Tony,D,54075.0,54075.0,2017
24,MNUFC,Allen,Brandon,F,65625.0,65625.0,2017
25,NYCFC,Allen,RJ,D,100000.08,101666.75,2017
26,RSL,Allen,Jordan,M,178000.0,178000.0,2017
27,ATL,Almiron,Miguel,M,1912500.0,2297000.0,2017
28,SEA,Alonso,Osvaldo,M,1100000.04,1141667.04,2017
29,TOR,Alseth,Oyvind,M-D,53004.0,53004.0,2017
30,ORL,Alston,Kevin,D,135000.0,135000.0,2017
31,TOR,Altidore,Jozy,F,4875000.0,4875000.0,2017
32,CHI,Alvarez,Arturo,M,135000.0,142500.0,2017
33,LAFC,Alvarez,Carlos,M,65004.0,65004.0,2017
34,SJ,Amarikwa,Quincy,F,256500.0,270166.67,2017
35,ATL,Ambrose,Mikey,D,65625.0,65625.0,2017
36,POR,Andriuskevicius,Vytautas,D,222500.0,244375.0,2017
37,NE,Angoua,Benjamin,D,600000.0,654333.33,2017
38,HOU,Anibaba,Jalil,D,110004.0,110004.0,2017
39,MNUFC,Anor,Bernardo,M,105000.0,105000.0,2017
40,POR,Arboleda,Victor,M-F,65000.04,65000.04,2017
41,LA,Arellano,Hugo,D,65000.0,72375.0,2017
42,POR,Arokoyo,Gbenga,D,135000.0,155600.0,2017
43,DC,Arriola,Paul,M,336000.0,350000.0,2017
44,CHI,Arshakyan,David,F,156000.0,178850.0,2017
45,ATL,Asad,Yamil,M,150000.0,150000.0,2017
46,POR,Asprilla,Dairon,M-F,138000.0,138000.0,2017
47,POR,Attinella,Jeff,GK,100000.0,105083.33,2017
48,TOR,Aubrey,Brandon,D,75000.0,93750.0,2017
49,NYCFC,Awuah,Kwame,D-M,53004.0,53004.0,2017
50,PHI,Ayuk,Eric,M,65625.0,65625.0,2017
51,COL,Azira,Michael,M,110000.0,116625.0,2017
52,NYRB,Baah,Gideon,D,230000.0,315500.0,2017
53,COL,Badji,Dominique,F,65000.0,65000.0,2017
54,POR,Barmby,Jack,M-F,65004.0,65004.0,2017
55,ORL,Barnes,Giles,F-M,725000.0,781250.0,2017
56,SJ,Barrera,Leandro,F,100000.0,100000.0,2017
57,RSL,Barrett,Chad,F,99000.0,105000.0,2017
58,DAL,Barrios,Michael,M,200000.04,200000.04,2017
59,ORL,Barry,Hadji,F,68750.0,73312.5,2017
60,NYRB,Basuljevic,Arun,M,53004.0,53004.0,2017
61,CHI,Bava,Jorge Rodrigo,GK,240000.0,267133.34,2017
62,HOU,Beasley,DaMarcus,D,316008.0,351008.0,2017
63,RSL,Beckerman,Kyle,M,750000.0,825000.0,2017
64,PHI,Bedoya,Alejandro,M,1131000.0,1197250.0,2017
65,TOR,Beitashour,Steven,D,250000.0,264000.0,2017
66,MTL,Beland,Louis,M,53000.0,54250.0,2017
67,KC,Belmar,Kharlton,F,65004.0,65004.0,2017
68,RSL,Beltran,Anthony,D,220000.0,230950.0,2017
69,ORL,Bendik,Joe,GK,165000.0,174083.4,2017
70,MTL,Bernardello,Hernan,M,288000.0,288000.0,2017
71,SJ,Bernardez,Victor,D,225000.0,266600.0,2017
72,COL,Berner,John,GK,66150.0,66150.0,2017
73,MTL,Bernier,Patrice,M,165000.0,165000.0,2017
74,SJ,Bersano,Matt,GK,65004.0,65004.0,2017
75,KC,Besler,Matt,D,725000.0,758250.0,2017
76,RSL,Besler,Nick,M,53000.04,53000.04,2017
77,NYRB,Bezecourt,Vincent,M,53004.0,53004.0,2017
78,SJ,Bingham,David,GK,190000.0,197750.0,2017
79,DC,Birnbaum,Steven,D,474996.0,499996.0,2017
80,MTL,Bitolo,Ambroise,D,100000.0,100000.0,2017
81,PHI,Blake,Andre,GK,148500.0,186500.0,2017
82,POR,Blanco,Sebastian,M,1000008.0,1075008.0,2017
83,KC,Blessing,Latif,F,65004.0,74379.0,2017
84,ATL,Bloom,Mark,D,99225.0,106573.89,2017
85,LA,Boateng,Emmanuel,F,115000.0,115000.0,2017
86,VAN,Bolanos,Christian,M,250000.0,253500.0,2017
87,MTL,Boldor,Deian,D,324000.0,324000.0,2017
88,TOR,Bono,Alex,GK,70000.0,90200.0,2017
89,ATL,Boswell,Bobby,D,260000.0,260000.0,2017
90,MNUFC,Boxall,Michael,D,225000.0,242333.33,2017
91,TOR,Bradley,Michael,M,6000000.0,6500000.0,2017
92,NYCFC,Brilliant,Frederic,D,280000.0,319666.67,2017
93,CHI,Bronico,Brandt,M,65004.0,65004.0,2017
94,DC,Brown,Deshorn,F,264996.0,337329.33,2017
95,HOU,Brown,Calle,GK,65000.0,65000.0,2017
96,SEA,Bruin,Will,F,325000.0,326666.67,2017
97,DC,Buescher,Julian,M,80000.0,94700.0,2017
98,NE,Bunbury,Teal,F,215000.0,260000.0,2017
99,MNUFC,Burch,Marc,D,135000.0,135000.0,2017
100,COL,Burling,Bobby,D,120000.0,152000.0,2017
101,MTL,Bush,Evan,GK,136750.0,136750.0,2017
102,KC,Busio,Gianluca,F,53004.0,55504.0,2017
103,VAN,Bustos,Marco,M,65625.0,70475.0,2017
104,HOU,Cabezas,Juan David,M,243000.0,267000.0,2017
105,MTL,Cabrera,Victor,D,260000.0,260000.0,2017
106,NE,Caldwell,Scott,M,115000.0,125000.0,2017
107,CHI,Calistri,Joey,M,54075.0,54075.0,2017
108,NYCFC,Callens,Alexander,D,180000.0,203333.33,2017
109,COL,Calvert,Caleb,F,100000.0,107500.0,2017
110,MNUFC,Calvo,Francisco,D,300000.0,330843.63,2017
111,MTL,Camara,Hassoun,D,255000.0,255000.0,2017
112,NYCFC,Camargo,Miguel,M,99999.96,108249.96,2017
113,TOR,Camargo,Sergio,M,65004.0,65004.0,2017
114,CHI,Campbell,Jonathan,D,101750.0,109875.0,2017
115,DAL,Cannon,Reggie,D,53000.04,53000.04,2017
116,DC,Canouse,Russell,M,65000.04,65000.04,2017
117,ATL,Carleton,Andrew,M-F,65000.0,77400.0,2017
118,ATL,Carmona,Carlos,M,675000.0,725000.0,2017
119,ORL,Carrasco,Servando,M,114996.0,114996.0,2017
120,PHI,Carroll,Brian,M,132000.0,140000.0,2017
121,COL,Castillo,Dennis,D,54075.0,54075.0,2017
122,SJ,Cato,Cordell,D-M,137000.0,138666.67,2017
123,SJ,Ceren,Darwin,M,200000.0,249375.0,2017
124,DAL,Cermeno,Carlos,M,120000.0,123000.0,2017
125,DAL,Chala,Anibal,D,250000.08,333000.08,2017
126,NYCFC,Chanot,Maxime,D,350000.0,383000.0,2017
127,TOR,Chapman,Jay,M,90000.0,108500.0,2017
128,POR,Chara,Diego,M,500000.0,522000.0,2017
129,TOR,Cheyrou,Benoit,M,65004.0,65004.0,2017
130,MTL,Choiniere,David,M,54075.0,54075.0,2017
131,LA,Ciani,Michael,D,600000.0,620000.0,2017
132,MTL,Ciman,Laurent,D,630000.0,661666.67,2017
133,DC,Clark,Steven,GK,72000.0,72000.0,2017
134,HOU,Clark,Ricardo,M,335160.0,372660.0,2017
135,POR,Clarke,Rennico,D,53004.0,58004.0,2017
136,CHI,Cleveland,Stefan,GK,53004.0,53004.0,2017
137,LA,Cole,Ashley,D,350000.0,377625.0,2017
138,NYRB,Collin,Aurelien,D,450000.0,450000.0,2017
139,DAL,Colman,Cristian,F,300000.0,385000.0,2017
140,SJ,Colvey,Kip,D,54075.0,54075.0,2017
141,CHI,Conner,Drew,M,65625.0,65625.0,2017
142,TOR,Cooper,Armando,M,189000.0,202333.33,2017
143,CHI,Corrales,Jorge,D,65004.0,65004.0,2017
144,DAL,Cortes,Eduardo,GK,65004.0,65004.0,2017
145,DAL,Craft,Coy,F-M,85000.0,102083.33,2017
146,PHI,Creavalle,Warren,M,125000.0,138000.0,2017
147,MTL,Crepeau,Maxime,GK,75000.0,79083.33,2017
148,CLB,Crognale,Alex,D,84996.0,84996.0,2017
149,MNUFC,Cronin,Sam,M,300000.0,324750.0,2017
150,NE,Cropper,Cody,F,65625.0,65625.0,2017
151,SJ,Cummings,Harold,D,249996.0,300662.67,2017
152,COL,Da,Mike,D,65004.0,65004.0,2017
153,HOU,Da,Leonardo,D,140004.0,147670.67,2017
154,ORL,Da,Pierre,M,53004.0,53004.0,2017
155,MNUFC,Danladi,Abu,F,125000.04,176000.04,2017
156,PHI,Davies,Charlie,F,108960.0,114684.94,2017
157,VAN,Davies,Alphonso,M,65000.0,65000.0,2017
158,MNUFC,Davis,Justin,D,80000.0,89750.0,2017
159,NYRB,Davis,Sean,M,110000.0,127500.0,2017
160,SJ,Dawkins,Simon,M,800000.0,800000.0,2017
161,VAN,de,Marcel,D-M,140000.0,140000.0,2017
162,CHI,De,Michael,F,500000.0,564212.5,2017
163,CLB,De,Artur,M,80004.0,99879.0,2017
164,MNUFC,De,Thomas,D,53004.0,53004.0,2017
165,CHI,Dean,Christian,D,90000.0,93125.0,2017
166,CHI,Dekovic,Matej,D,65004.0,65004.0,2017
167,HOU,DeLaGarza,AJ,D,250000.0,252500.0,2017
168,SEA,Delem,Jordy,M,53004.0,53004.0,2017
169,DC,DeLeon,Nick,M,255000.0,255000.0,2017
170,TOR,Delgado,Marco,M,210000.0,210000.0,2017
171,MNUFC,Demidov,Vadim,D,550008.0,555008.0,2017
172,SEA,Dempsey,Clint,F,3200000.0,3892933.5,2017
173,MTL,Depuy,Nick,F,65000.04,72500.04,2017
174,HOU,Deric,Tyler,GK,185000.0,185000.0,2017
175,LA,Diallo,Bradley,D,65004.0,65004.0,2017
176,DAL,Diaz,Mauro,M,784000.0,880890.0,2017
177,KC,Didic,Amer,D,53004.0,53004.0,2017
178,NE,Dielna,Claude,D,780000.0,909861.0,2017
179,LA,Diop,Clement,GK,65625.0,65625.0,2017
180,NYCFC,Diskerud,Mix,M,772669.0,772669.0,2017
181,MTL,Donadel,Marco,M,72000.0,257328.0,2017
182,ORL,Donovan,Conor,D,100000.0,128000.0,2017
183,CHI,Doody,Patrick,D,65000.0,65000.0,2017
184,LA,Dos,Giovani,F,3750000.0,5500000.0,2017
185,LA,Dos,Jonathan,M,2000000.04,2000000.04,2017
186,COL,Doyle,Kevin,F,1000000.0,1045000.0,2017
187,NYRB,Duka,Dilly,M,175000.0,175000.0,2017
188,RSL,Dunk,Reagan,D,53004.0,53004.0,2017
189,DC,Durkin,Chris,D-M,70000.0,79166.67,2017
190,MTL,Duvall,Chris,D,70875.0,70875.0,2017
191,ORL,Dwyer,Dom,F,550000.0,668750.0,2017
192,KC,Dykstra,Andrew,GK,80004.0,87654.51,2017
193,MTL,Dzemaili,Blerim,M,750000.0,750000.0,2017
194,POR,Ebobisse,Jeremy,F,130000.0,173000.0,2017
195,VAN,Edgar,David,D,175000.0,183833.33,2017
196,PHI,Edu,Maurice,M,750000.0,818750.0,2017
197,ORL,Edwards,Earl,GK,65000.0,65000.0,2017
198,TOR,Edwards,Raheem,F,53004.0,53004.0,2017
199,HOU,Elis,Alberth,F,423000.0,423000.0,2017
200,PHI,Elliott,Jack,D,53004.0,53004.0,2017
201,KC,Ellis,Kevin,D,140004.0,148337.33,2017
202,TOR,Endoh,Tsubasa,F,54075.0,54075.0,2017
203,PHI,Epps,Marcus,M,53004.0,53004.0,2017
204,HOU,Escalante,Jose,M,53004.0,53004.0,2017
205,NYRB,Escobar,Fidel,D,95000.04,95000.04,2017
206,KC,Espinoza,Roger,M,850000.0,850000.0,2017
207,NYRB,Etienne,Derrick,M,53000.0,58000.0,2017
208,LAFC,Etim,Monday Bassey,M,53004.0,53004.0,2017
209,SEA,Evans,Brad,D-M,300000.0,338501.25,2017
210,PHI,Fabinho,,D,159759.0,167759.0,2017
211,NE,Fagundez,Diego,M,160000.0,180000.0,2017
212,POR,Farfan,Marco,D,53000.0,53000.0,2017
213,NE,Farrell,Andrew,D,182600.0,263600.0,2017
214,KC,Feilhaber,Benny,M,600000.0,600000.0,2017
215,KC,Fernandes,Gerso,M-F,550008.0,591258.0,2017
216,CHI,Fernandez,Collin,M,85000.0,87000.0,2017
217,DAL,Ferreira,Jesus,F,53000.0,53000.0,2017
218,DAL,Figueroa,Maynor,D,320000.0,343333.33,2017
219,MNUFC,Finlay,Ethan,M,290000.0,290000.0,2017
220,MTL,Fisher,Kyle,D,53004.0,53004.0,2017
221,SEA,Fisher,Oniel,M-D,65625.0,65625.0,2017
222,VAN,Flores,Deybi,M,53000.04,53000.04,2017
223,PHI,Fontana,Anthony,M,53004.0,61421.6,2017
224,COL,Ford,Kortne,D,69996.0,76996.0,2017
225,CLB,Francis,Waylon,D,227500.0,251875.0,2017
226,MTL,Francis,Shaun,D,115000.0,123333.33,2017
227,DC,Franklin,Sean,D,258756.0,283756.0,2017
228,SEA,Frei,Stefan,GK,250000.0,256250.0,2017
229,PHI,Gaddis,Raymon,D,165000.0,167500.0,2017
230,HOU,Garcia,Boniek,M,225000.0,247500.0,2017
231,HOU,Garcia,Kevin,D,65633.4,65633.4,2017
232,LA,Garcia,Rafael,M,82500.0,82500.0,2017
233,ORL,Garcia,Devron,M-F,53004.0,53004.0,2017
234,ATL,Garza,Greg,D,150000.0,150000.0,2017
235,COL,Gashi,Shkelzen,F,1575000.0,1668750.0,2017
236,COL,Gatt,Joshua,M,175008.0,193508.0,2017
237,VAN,Ghazal,Ali,D-M,86799.96,212366.63,2017
238,COL,Gil,Luis,M,144000.0,144000.0,2017
239,TOR,Giovinco,Sebastian,F,5600000.0,7115555.67,2017
240,ORL,Giro,Victor,D-M,80004.0,85316.5,2017
241,RSL,Glad,Justen,D,225000.0,246700.0,2017
242,POR,Gleeson,Jake,GK,110000.0,115166.67,2017
243,SJ,Godoy,Anibal,M,229992.0,256242.0,2017
244,NYCFC,Gomez,Shannon,D,54075.0,54075.0,2017
245,DAL,Gonzalez,Jesse,GK,85000.08,109000.08,2017
246,DAL,Gonzalez,Luis,M,65000.04,83125.04,2017
247,ATL,Gonzalez,Leandro,D,250008.0,285008.0,2017
248,CHI,Goossens,John,M,230000.0,233333.33,2017
249,COL,Gordon,Alan,F,180000.0,180000.0,2017
250,ATL,Goslin,Chris,M,70000.0,74000.0,2017
251,DAL,Grana,Hernan,D,200000.04,225500.04,2017
252,MNUFC,Greenspan,Joseph,D,65000.0,66469.08,2017
253,VAN,Greig,Kyle,F,65004.0,66849.0,2017
254,NYRB,Grella,Mike,F,186000.0,188250.0,2017
255,ATL,Gressel,Julian,M,75000.0,93750.0,2017
256,DAL,Gruezo,Carlos,M,495000.0,731500.0,2017
257,DAL,Guillen,Aaron,D,54075.0,54075.0,2017
258,ATL,Guzan,Brad,GK,340008.0,400008.0,2017
259,POR,Guzman,David,M,185004.0,188337.33,2017
260,TOR,Hagglund,Nick,D,100008.0,109633.0,2017
261,COL,Hairston,Marlon,D-M,110004.0,110004.0,2017
262,DC,Hamid,Bill,GK,350000.0,395500.0,2017
263,COL,Hamilton,Sam,M,65004.0,65004.0,2017
264,TOR,Hamilton,Jordan,F,69457.5,81957.5,2017
265,CLB,Hansen,Nikolaj,F,65000.04,72500.04,2017
266,DC,Harkes,Ian,M,90000.0,123237.5,2017
267,CHI,Harrington,Michael,D,135000.0,136666.67,2017
268,DAL,Harris,Atiba,D-M,155004.0,155004.0,2017
269,NYCFC,Harrison,Jack,M,130000.0,165500.0,2017
270,VAN,Harvey,Jordan,D,180000.0,180000.0,2017
271,TOR,Hasler,Nicolas,D,65004.0,80670.67,2017
272,DAL,Hayes,Jacori,M,65000.04,72500.04,2017
273,ATL,Heath,Harrison,M,66150.0,66150.0,2017
274,POOL,Heavner,Billy,GK,53004.0,53004.0,2017
275,DAL,Hedges,Matt,D,399996.0,424996.0,2017
276,PHI,Herbers,Fabian,M-F,110000.0,135500.0,2017
277,NE,Herivaux,Zachary,M,65625.0,65625.0,2017
278,RSL,Hernandez,Jose,M,53004.0,56379.0,2017
279,TOR,Hernandez,Jason,D,65004.0,65004.0,2017
280,NYCFC,Herrera,Yangel,M,123557.04,123557.04,2017
281,CLB,Higuain,Federico,M,1050000.0,1050000.0,2017
282,ORL,Higuita,Cristian,M,150000.0,286666.67,2017
283,ORL,Hines,Sebastian,D,129996.0,129996.0,2017
284,SJ,Hoesen,Danny,F,425004.0,503129.0,2017
285,HOU,Holland,Joseph,M,53004.0,53004.0,2017
286,NE,Hollinger-Janzen,Femi,F,54075.0,54075.0,2017
287,DAL,Hollingshead,Ryan,M-D,132500.0,132500.0,2017
288,CLB,Hollingsworth,Marshall,M,54075.0,54075.0,2017
289,RSL,Holness,Omar,F,110000.0,133500.0,2017
290,RSL,Horst,David,D,110004.0,115004.0,2017
291,COL,Howard,Tim,GK,2000000.0,2475000.0,2017
292,DAL,Hume,Walker,D,53004.0,53004.0,2017
293,HOU,Hunter,Taylor,D,53004.0,53004.0,2017
294,VAN,Hurtado,Erik,F/M,125000.0,131250.0,2017
295,LA,Husidic,Baggio,M,175000.0,175000.0,2017
296,SJ,Hyka,Jahmir,M,470004.0,520004.0,2017
297,MNUFC,Ibarra,Miguel,M,290004.0,322326.0,2017
298,VAN,Ibini,Bernie,F,135000.0,174000.0,2017
299,MNUFC,Ibson,,M,200004.0,210337.4,2017
300,VAN,Igiebor,Nosa,M,65000.04,98333.37,2017
301,PHI,Ilsinho,,M,470000.0,518333.33,2017
302,SJ,Imperiale,Andres,D,105000.0,107500.0,2017
303,TOR,Irwin,Clint,GK,200004.0,211316.7,2017
304,KC,Iwasa,Cameron,F,65004.0,65004.0,2017
305,MTL,Jackson-Hamel,Anthony,F,66150.0,66150.0,2017
306,VAN,Jacobson,Andrew,M,150000.0,175000.0,2017
307,CLB,Jahn,Adam,F,92500.0,92500.0,2017
308,LA,Jamieson,Bradford,F,66150.0,66150.0,2017
309,DC,Jeffrey,Jared,M,105000.0,115000.0,2017
310,CLB,Jimenez,Hector,M,150000.0,150000.0,2017
311,NYCFC,Johansen,Eirik,GK,65625.0,65625.0,2017
312,CHI,Johnson,Daniel,M,65004.0,65004.0,2017
313,NYCFC,Johnson,Sean,GK,220008.0,220008.0,2017
314,ORL,Johnson,Will,M,414000.0,450000.0,2017
315,MNUFC,Jome,Ismaila,M,65004.0,67837.33,2017
316,ATL,Jones,Kenwyne,F,390000.0,413333.33,2017
317,LA,Jones,Jermaine,M,600000.0,722500.2,2017
318,PHI,Jones,Derrick,M,65000.0,70900.0,2017
319,PHI,Jones,Aaron,D,53004.0,53004.0,2017
320,SEA,Jones,Joevin,D,90000.0,96166.67,2017
321,SJ,Jungwirth,Florian,D-M,450000.0,516667.07,2017
322,CHI,Juninho,,M,700008.0,716674.67,2017
323,ORL,Kaka,,M,6660000.0,7167500.0,2017
324,MNUFC,Kallman,Brent,D,65004.0,68295.67,2017
325,CLB,Kamara,Ola,F,450000.0,482500.0,2017
326,NE,Kamara,Kei,F,800000.0,800000.0,2017
327,ATL,Kann,Alec,GK,77004.0,77004.0,2017
328,MNUFC,Kapp,Alex,GK,53004.0,53004.0,2017
329,CHI,Kappelhof,Johan,D,530000.0,570000.0,2017
330,NYRB,Keita,Muhamed,F,200012.04,256401.04,2017
331,DC,Kemp,Taylor,D,120000.0,120000.0,2017
332,LA,Kempin,Jonathan,GK,65004.0,65004.0,2017
333,CLB,Ketterer,Logan,GK,53004.0,53004.0,2017
334,DC,Klenofsky,Eric,GK,53004.0,56754.0,2017
335,NYRB,Kljestan,Sacha,M,650000.0,787500.0,2017
336,NE,Knighton,Brad,GK,100910.25,100910.25,2017
337,NE,Kobayashi,Daigo,M,69996.0,76996.0,2017
338,NE,Koffie,Gershon,M,120000.0,120000.0,2017
339,DC,Korb,Chris,D,65004.0,71004.0,2017
340,NE,Kouassi,Xavier,M,840000.0,890541.75,2017
341,SEA,Kovar,Aaron,M,66150.0,66350.0,2017
342,ATL,Kratz,Kevin,M,150000.0,164250.0,2017
343,MTL,Kronberg,Eric,GK,99999.96,104999.96,2017
344,VAN,Laba,Matias,M,725000.0,885500.0,2017
345,NYRB,Lade,Connor,D,85000.0,92812.5,2017
346,DAL,Lamah,Roland,M,630000.0,773500.0,2017
347,CHI,Lampson,Matt,GK,76000.0,81375.0,2017
348,ATL,Larentowicz,Jeff,M,175008.0,175008.0,2017
349,ORL,Larin,Cyle,F,150000.0,192000.0,2017
350,ORL,Laryea,Richmond,M,130000.0,159000.0,2017
351,LA,Lassiter,Ariel,F,54075.0,54075.0,2017
352,NYRB,Lawrence,Kemar,D,100000.0,205600.0,2017
353,SEA,Leerdam,Kelvin,D,380640.0,455640.0,2017
354,MTL,Lefevre,Wandrille,D,94999.92,104499.92,2017
355,MNUFC,Leiton,Jose,F-M,53004.0,68504.0,2017
356,RSL,Lennon,Brooks,F,53004.0,53004.0,2017
357,VAN,Levis,Brett,D,65000.0,67500.0,2017
358,NYCFC,Lewis,Jonathan,F,80000.04,115500.04,2017
359,NYRB,Lewis,Zeiko,M,75000.0,93750.0,2017
360,SJ,Lima,Nick,D,80004.0,86208.03,2017
361,LA,Lletget,Sebastian,M,230000.0,242666.67,2017
362,KC,Lobato,Cristian,M,180000.0,180000.0,2017
363,SEA,Lodeiro,Nicolas,M,1371428.57,1743428.57,2017
364,NYRB,Long,Aaron,D,65000.0,65000.0,2017
365,NYCFC,Lopez,Mikey,M,75000.0,75000.0,2017
366,NYRB,Louro,Evan,GK,53004.0,53004.0,2017
367,MTL,Lovitz,Daniel,M,78750.0,78750.0,2017
368,ATL,Loyd,Zach,D,85008.0,85008.0,2017
369,HOU,Lucatero,Christian,M,53000.0,53250.0,2017
370,POR,Mabiala,Larrys,D,431666.64,480916.64,2017
371,HOU,Machado,Adolfo,D,200004.0,216504.0,2017
372,COL,MacMath,Zac,GK,150000.0,150000.0,2017
373,HOU,Malki,George,D,65004.0,65004.0,2017
374,SEA,Mallace,Calum,M,115000.0,131250.0,2017
375,CLB,Maloney,Connor,D,53004.0,53004.0,2017
376,MTL,Mancosu,Matteo,F,700000.08,719541.75,2017
377,CLB,Manneh,Kekuta,M-F,138875.0,168375.0,2017
378,HOU,Manotas,Mauro,F,215746.08,215746.08,2017
379,VAN,Marinovic,Stefan,GK,65000.04,77562.54,2017
380,PHI,Marquez,Richard,D,133000.0,139430.0,2017
381,SEA,Marshall,Chad,D,350000.0,366250.0,2017
382,MNUFC,Martin,Collin,M,84996.0,84996.0,2017
383,ATL,Martinez,Josef,F,924000.0,1041310.0,2017
384,CLB,Martinez,Cristian,M,65633.4,70133.4,2017
385,HOU,Martinez,Tomas,M,315000.0,497925.0,2017
386,NYRB,Martins,Felipe,M,385000.08,385000.08,2017
387,NYCFC,Matarrita,Ronald,D,175000.0,200000.0,2017
388,SEA,Mathers,Zach,M,53004.0,53004.0,2017
389,POR,Mattocks,Darren,F,300000.0,316666.67,2017
390,VAN,Maund,Aaron,D,165000.0,174437.5,2017
391,TOR,Mavinga,Chris,D,265008.0,300691.6,2017
392,LA,McBean,Jack,F,65625.0,65625.0,2017
393,ATL,McCann,Chris,M,540000.0,568000.0,2017
394,PHI,McCarthy,John,GK,86500.0,95750.0,2017
395,CHI,McCarty,Dax,M,400000.08,412500.08,2017
396,PHI,McGuire,Jake,GK,53004.0,53004.0,2017
397,LA,McInerney,Jack,F,325000.0,325000.0,2017
398,POR,McIntosh,Kendall,GK,53000.0,53000.0,2017
399,VAN,McKendry,Ben,M,65000.0,65000.0,2017
400,MNUFC,McLain,Patrick,GK,80000.0,80000.0,2017
401,NYCFC,McNamara,Thomas,M,185000.04,185000.04,2017
402,NYRB,Meara,Ryan,GK,100008.0,105008.0,2017
403,ATL,Mears,Tyrone,D,183756.0,183756.0,2017
404,KC,Medranda,Jimmy,D,130008.0,130008.0,2017
405,PHI,Medunjanin,Haris,M,460008.0,505008.0,2017
406,CHI,Meira,Joao,D-M,150000.0,165000.0,2017
407,POR,Melano,Lucas,F,790000.0,1010000.0,2017
408,KC,Melia,Tim,GK,165000.0,167500.0,2017
409,NYCFC,Mena,Jefferson,D,250000.0,261400.0,2017
410,LA,Mendiola,Raul,F,65625.0,65625.0,2017
411,CLB,Mensah,Jonathan,D,750000.0,844000.0,2017
412,CLB,Meram,Justin,M,300000.0,328750.0,2017
413,SEA,Meredith,Bryan,GK,66150.0,66150.0,2017
414,NYRB,Metzger,Dan,M,53004.0,53004.0,2017
415,VAN,Mezquida,Nicolas,M-F,120000.0,120000.0,2017
416,SJ,Mfeka,Lindo,M-F,53004.0,53004.0,2017
417,CHI,Mihailovic,Djordje,M,80000.04,80000.04,2017
418,COL,Miller,Eric,D,75553.75,86553.75,2017
419,POR,Miller,Roy,D,150000.0,150000.0,2017
420,SEA,Miller,Tyler,GK,65633.4,65633.4,2017
421,DC,Miranda,Bruno,F,53000.04,57476.13,2017
422,NE,Mlinar,Antonio,D,400008.0,400008.0,2017
423,MNUFC,Molino,Kevin,M,350004.0,402504.0,2017
424,HOU,Monteiro,Alex,M,170000.0,170000.0,2017
425,VAN,Montero,Fredy,F,1400000.04,1800000.04,2017
426,TOR,Moor,Drew,D,246750.0,261750.0,2017
427,DAL,Morales,Javier,M,300000.0,315000.0,2017
428,NYCFC,Moralez,Maximiliano,M,2000000.04,2000000.04,2017
429,TOR,Morgan,Ashtone,D,100008.0,101508.0,2017
430,SEA,Morris,Jordan,F,225000.0,237500.0,2017
431,TOR,Morrow,Justin,D,210000.0,226666.67,2017
432,RSL,Movsisyan,Yura,F,1750000.0,1973750.0,2017
433,RSL,Mulholland,Luke,M,172500.0,172500.0,2017
434,DC,Mullins,Patrick,F,114125.0,144125.0,2017
435,NYRB,Murillo,Michael,D,65004.0,73754.0,2017
436,KC,Musa,James,D-M,65004.0,65004.0,2017
437,KC,Mustivar,Soni,M,200000.0,200000.0,2017
438,NYRB,Muyl,Alex,F,65625.0,69625.0,2017
439,POR,Myers,Chance,D,125004.0,125004.0,2017
440,POR,Nagbe,Darlington,M/F,550000.0,565000.0,2017
441,PHI,Najem,Adam,M,65000.04,65000.04,2017
442,NYRB,N'dam,Hassan,D,53004.0,53004.0,2017
443,SEA,Neagle,Lamar,M-F,200000.0,202833.33,2017
444,NE,Nemeth,Krisztian,F,547200.0,654866.67,2017
445,VAN,Nerwinski,Jake,D,65004.0,65004.0,2017
446,NE,Nguyen,Lee,M,500000.0,500000.0,2017
447,MNUFC,Nicholson,Sam,M,235008.0,281456.0,2017
448,CHI,Nikolic,Nemanja,F,1700000.04,1906333.37,2017
449,ORL,Nocerino,Antonio,M,800000.0,850000.0,2017
450,DC,Nyarko,Patrick,F-M,235000.0,250750.0,2017
451,CLB,Obinwa,Abuchi,M,65004.0,65004.0,2017
452,ATL,Oblitey,Jeffrey,M-F,53000.0,53000.0,2017
453,DC,Odoi-Atsem,Chris,D,65000.04,72500.04,2017
454,MTL,Oduro,Dominic,F,330000.0,330000.0,2017
455,NYCFC,Okoli,Sean,F,52999.92,52999.92,2017
456,POR,Okugo,Amobi,D-M,65004.0,187941.5,2017
457,KC,Oliveira,Kevin,M,65004.0,68337.33,2017
458,POR,Olum,Lawrence,M,142500.0,157500.0,2017
459,PHI,Onyewu,Oguchi,D,65004.0,65004.0,2017
460,KC,Opara,Ike,D,150000.0,150000.0,2017
461,DC,Opare,Kofi,D,105000.0,120000.0,2017
462,TOR,Osorio,Jonathan,M,191762.5,200237.13,2017
463,VAN,Ousted,David,GK,360000.0,378933.33,2017
464,LAFC,Pacheco,Rodrigo,F,99999.96,99999.96,2017
465,TOR,Pais,Mark,GK,65004.0,65004.0,2017
466,KC,Palmer-Brown,Erik,D,75000.0,75500.0,2017
467,VAN,Parker,Tim,D,80850.0,99600.0,2017
468,ATL,Parkhurst,Michael,D,325008.0,325008.0,2017
469,KC,Pasher,Tyler,D-M,53000.0,53000.0,2017
470,LA,Pedro,Joao,M,120000.0,141000.0,2017
471,SJ,Pelosi,Marc,M,65004.0,75004.0,2017
472,ORL,Pereira,Leonardo,D,53004.0,53004.0,2017
473,COL,Perez,Ricardo,M,53004.0,54254.0,2017
474,NYRB,Perrinelle,Damien,D,175008.0,175008.0,2017
475,ATL,Peterson,Jacob,M-F,165300.0,172550.0,2017
476,RSL,Phillips,Demar,D,155004.0,162837.33,2017
477,MTL,Piatti,Ignacio,M,450000.0,450000.0,2017
478,PHI,Picault,Fabrice,F,114999.96,128666.63,2017
479,MTL,Piette,Samuel,M,90000.0,99234.37,2017
480,NYCFC,Pirlo,Andrea,M,5600000.0,5915690.0,2017
481,RSL,Plata,Joao,F,450000.0,608333.33,2017
482,CHI,Polster,Matt,D-M,99900.0,114900.0,2017
483,DAL,Pomykal,Paxton,M,70000.0,75000.0,2017
484,PHI,Pontius,Chris,M-F,400000.0,431000.0,2017
485,KC,Porter,Cameron,F,65000.0,117500.0,2017
486,POR,Powell,Alvas,D,115000.0,123700.0,2017
487,ORL,Powers,Dillon,M,295000.0,325000.0,2017
488,SJ,Qazaishvili,"Valeri ""Vako""",M,1325004.0,1454042.36,2017
489,HOU,Quioto,Romell,F,200004.0,212504.0,2017
490,CLB,Raitala,Jukka,D,125004.0,161670.67,2017
491,MNUFC,Ramirez,Christian,M,350004.0,392504.4,2017
492,ORL,Ramos,Rafael,D,100800.0,100800.0,2017
493,NYCFC,Rawls,Andre,GK,65633.4,65633.4,2017
494,ORL,Redding,Tommy,D,110000.0,117500.0,2017
495,DAL,Reid,Adonijah,F,70000.08,84375.08,2017
496,HOU,Remick,Dylan,D,66150.0,66150.0,2017
497,VAN,Reyna,Yordy,M-F,440000.04,533700.04,2017
498,ATL,Reynish,Kyle,GK,65004.0,65004.0,2017
499,DAL,Reynolds,Bryan,F,53000.0,55000.0,2017
500,VAN,Richey,Spencer,GK,65004.0,65004.0,2017
501,TOR,Ricketts,Tosaint,F,180000.0,193166.67,2017
502,POR,Ridgewell,Liam,D,615000.0,615000.0,2017
503,RSL,Rimando,Nick,GK,450000.0,470000.0,2017
504,NYCFC,Ring,Alexander,M,340000.08,381666.75,2017
505,ORL,Rivas,Carlos,M,375000.0,375000.0,2017
506,ATL,Robinson,Miles,D,125000.04,195000.04,2017
507,DC,Robinson,Jalen,D,69996.0,69996.0,2017
508,NYRB,Robles,Luis,GK,430000.08,430000.08,2017
509,ORL,Rocha,Tony,M,65620.8,65620.8,2017
510,HOU,Rodriguez,Memo,M,53004.0,53004.0,2017
511,SEA,Rodriguez,Victor,M,999999.96,1087499.96,2017
512,LA,Rogers,Robbie,M,225000.0,233500.0,2017
513,SEA,Roldan,Cristian,M,115000.0,137000.0,2017
514,DC,Rolfe,Chris,F,275000.0,275000.0,2017
515,MTL,Romero,Andres,M,245000.04,405000.04,2017
516,LA,Romney,David,D,66150.0,66150.0,2017
517,VAN,Rosales,Mauro,M,65004.0,65004.0,2017
518,PHI,Rosenberry,Keegan,D,104500.0,110312.5,2017
519,LA,Rowe,Brian,GK,120000.0,120000.0,2017
520,NE,Rowe,Kelyn,M,165000.0,230000.0,2017
521,NYRB,Royer,Daniel,M,450000.0,471666.67,2017
522,KC,Rubio,Diego,F,202000.0,218875.0,2017
523,RSL,Rusnak,Albert,M,825000.0,882812.5,2017
524,KC,Saad,Soony,F,65004.0,65004.0,2017
525,COL,Saeid,Mohammed,M,160000.0,170000.0,2017
526,MTL,Salazar,Michael,F,54075.0,54075.0,2017
527,SJ,Salinas,Shea,M,185000.0,185000.0,2017
528,KC,Salloi,Daniel,F,53000.0,53000.0,2017
529,DC,Sam,Lloyd,M-F,240000.0,250000.0,2017
530,CHI,Sanchez,Richard,M,64999.92,64999.92,2017
531,HOU,Sanchez,Vicente,F,65004.0,65004.0,2017
532,KC,Sanchez,Ilie,M,300000.0,305000.0,2017
533,NYCFC,Sands,James,D-M,53000.04,73833.37,2017
534,CLB,Santos,Pedro,M,684000.0,731000.0,2017
535,PHI,Sapong,CJ,F,300000.0,300000.0,2017
536,CLB,Saravia,Rodrigo,M,65625.0,65625.0,2017
537,SJ,Sarkodie,Kofi,D,135000.0,140000.0,2017
538,DC,Sarvas,Marcelo,M,360000.0,425000.0,2017
539,RSL,Saucedo,Sebastian,M,90000.0,100500.0,2017
540,ORL,Saunders,Josh,GK,150000.0,150000.0,2017
541,CLB,Sauro,Gaston,D,585000.0,601312.5,2017
542,RSL,Savarino,Jefferson,F,352500.0,376187.65,2017
543,RSL,Schmidt,Justin,D,53004.0,53004.0,2017
544,RSL,Schuler,Chris,D,127500.0,132500.0,2017
545,MNUFC,Schuller,Rasmus,M,200004.0,225004.0,2017
546,CHI,Schweinsteiger,Bastian,M,5400000.0,5400000.0,2017
547,VAN,Seiler,Cole,D,54075.0,54075.0,2017
548,DAL,Seitz,Chris,GK,153000.0,153000.0,2017
549,HOU,Senderos,Philippe,D,225000.0,242500.0,2017
550,COL,Serna,Dillon,M,72600.0,85600.0,2017
551,VAN,Shea,Brek,M-D,625000.0,670000.0,2017
552,NYCFC,Shelton,Khiry,F,92950.0,110450.0,2017
553,SEA,Shipp,Harrison,M,144999.96,144999.96,2017
554,MTL,Shome,Shamit,M,100000.08,128500.08,2017
555,MNUFC,Shuttleworth,Bobby,GK,155000.0,171875.0,2017
556,RSL,Silva,Luis,M-F,200004.0,208670.67,2017
557,RSL,Silva,Marcelo,D,675000.0,711875.0,2017
558,SJ,Silva,Matheus,M,65000.0,65000.0,2017
559,PHI,Simpson,Jay,F,465000.0,508333.33,2017
560,KC,Sinovic,Seth,D,125000.0,132666.67,2017
561,COL,Sjoberg,Axel,D,108350.0,123350.0,2017
562,LA,Smith,Nathan,D,53004.0,55499.85,2017
563,NE,Smith,Donnie,M,66150.0,66150.0,2017
564,NE,Smith,Joshua,D,65000.0,65000.0,2017
565,CHI,Solignac,Luis,F,274999.92,328312.42,2017
566,RSL,Sparrow,Connor,GK,53004.0,53004.0,2017
567,ORL,Spector,Jonathan,D,549996.0,611933.5,2017
568,TOR,Spencer,Ben,F,65004.0,71554.28,2017
569,ORL,Stajduhar,Mason,GK,53000.0,53000.0,2017
570,CLB,Steffen,Zack,GK,105000.0,105000.0,2017
571,LA,Steres,Daniel,D,105000.0,112062.6,2017
572,NYCFC,Stertzer,John,M,65000.0,65000.0,2017
573,DC,Stieber,Zoltan,M,99999.96,99999.96,2017
574,KC,Storm,Colton,D,53004.0,53004.0,2017
575,NYCFC,Struna,Andraz,D,75600.0,75600.0,2017
576,CLB,Stuver,Brad,GK,80004.0,80004.0,2017
577,RSL,Sunday,Stephen,M,240000.0,253000.0,2017
578,ORL,Sutter,Scott,D,240000.0,240000.0,2017
579,SEA,Svensson,Gustav,M,170000.04,170000.04,2017
580,CLB,Swanson,Ben,M,85000.0,105416.67,2017
581,NYCFC,Sweat,Ben,D,65004.0,65004.0,2017
582,MTL,Tabla,Ballou Jean-Yves,M,70000.0,78999.8,2017
583,ATL,Tambakis,Alexander,GK,65004.0,65004.0,2017
584,SJ,Tarbell,Andrew,GK,80000.0,94000.0,2017
585,MNUFC,Taylor,Jermaine,D,125004.0,135004.0,2017
586,VAN,Tchani,Tony,M,275000.0,308333.33,2017
587,VAN,Techera,Cristian,M,352000.0,377000.0,2017
588,VAN,Teibert,Russell,M,126500.0,194000.0,2017
589,MNUFC,Thiesson,Jerome,D,171000.0,210166.67,2017
590,SJ,Thompson,Tommy,M,150000.0,155000.0,2017
591,NE,Tierney,Chris,D-M,140000.0,148333.33,2017
592,ORL,Toia,Donny,D,110004.0,110004.0,2017
593,SEA,Tolo,Nouhou,D,52999.92,52999.92,2017
594,HOU,Torres,Erick,F,650000.0,695000.0,2017
595,SEA,Torres,Roman,D,433000.0,508812.5,2017
596,CLB,Trapp,Wil,M,300000.0,350000.0,2017
597,PHI,Tribbett,Ken,D,65000.0,65000.0,2017
598,PHI,Trusty,Auston,D,75000.0,104100.0,2017
599,POR,Tuiloma,Bill,D-M,53004.0,64254.0,2017
600,NE,Turner,Matt,GK,54075.0,54075.0,2017
601,DAL,Ulloa,Victor,M,150000.0,152500.0,2017
602,SJ,Urena,Marco,F,275004.0,289420.67,2017
603,DAL,Urruti,Maximiliano,F,300000.0,560000.0,2017
604,POR,Valentin,Zarek,D,110000.0,110000.0,2017
605,POR,Valeri,Diego,M,2227500.0,2607500.0,2017
606,LA,Van,Pele,D,216000.0,216000.0,2017
607,RSL,Van,Matt,GK,96000.0,96000.0,2017
608,ATL,Vazquez,Brandon,F,100008.0,120008.0,2017
609,TOR,Vazquez,Victor,M,630000.0,700000.0,2017
610,RSL,Velazco,Ricardo,F,65633.4,65633.4,2017
611,MNUFC,Venegas,Johan,M,215000.0,227500.0,2017
612,MNUFC,Venegas,Kevin,D,85000.0,88333.33,2017
613,NYRB,Veron,Gonzalo,M-F,500000.0,500000.0,2017
614,NYCFC,Villa,David,F,5610000.0,5610000.0,2017
615,ATL,Villalba,Hector,F,663000.0,770750.0,2017
616,LA,Villarreal,Jose,F,105000.0,105000.0,2017
617,LA,Villarreal,Jaime,M,53004.0,53004.0,2017
618,CHI,Vincent,Brandon,D,96250.0,118125.0,2017
619,DC,Vincent,Rob,M-F,65633.4,65633.4,2017
620,ATL,Walkes,Anton,D,53004.0,53004.0,2017
621,NYCFC,Wallace,Rodney,M,220000.08,220000.08,2017
622,HOU,Ward,Charlie,M,53004.0,53004.0,2017
623,MNUFC,Warner,Collen,M,230004.0,230004.0,2017
624,VAN,Waston,Kendall,D,350000.0,368125.0,2017
625,NE,Watson,Je-Vaughn,D-M,150000.0,155666.67,2017
626,COL,Watts,Jared,D-M,75000.0,75000.0,2017
627,HOU,Wenger,Andrew,M,210000.0,210000.0,2017
628,ATL,Wheeler-Omiunu,Andrew,M,53004.0,53004.0,2017
629,NYCFC,White,Ethan,D,65000.0,65000.0,2017
630,PHI,Wijnaldum,Giliano,D,65004.0,78337.33,2017
631,ATL,Williams,Romario,F,65000.0,65000.0,2017
632,CLB,Williams,Josh,D,110004.0,110004.0,2017
633,COL,Williams,Mekeil,D,110000.0,115000.0,2017
634,VAN,Williams,Sheanon,D,175000.0,184000.0,2017
635,HOU,Willis,Joe,GK,106312.5,106312.5,2017
636,RSL,Wingert,Chris,D,134004.0,145394.0,2017
637,SEA,Wingo,Henry,D-M,53004.0,53004.0,2017
638,SJ,Wondolowski,Chris,F,800000.0,800000.0,2017
639,NE,Woodberry,London,D,69300.0,69300.0,2017
640,DC,Worra,Travis,GK,65625.0,65625.0,2017
641,NE,Wright,Brian,F,65000.04,83750.04,2017
642,NYRB,Wright-Phillips,Bradley,F,1500000.0,1635000.0,2017
643,SJ,Wynne,Marvell,D,245808.0,257058.0,2017
644,PHI,Yaro,Joshua,D,130000.0,194000.0,2017
645,ORL,Youth,Yoshimar,M,549996.0,599996.0,2017
646,SJ,Yueill,Jackson,M,124992.0,175992.0,2017
647,LA,Zardes,Gyasi,F,577500.0,577500.0,2017
648,TOR,Zavaleta,Eriq,D,102850.0,133450.0,2017
649,POR,Zemanski,Ben,M,105000.0,109000.0,2017
650,KC,Zendejas,Adrian,GK,53000.0,53000.0,2017
651,DAL,Zimmerman,Walker,D,205000.0,205000.0,2017
652,NYRB,Zizzo,Sal,D,110000.0,110000.0,2017
653,KC,Zusi,Graham,M,725000.0,757102.27,2017
